Country	Ambient and household air pollution attributable death rate (per 100 000 population)_2016_Both sexes	Ambient and household air pollution attributable death rate (per 100 000 population)_2016_Male	Ambient and household air pollution attributable death rate (per 100 000 population)_2016_Female	Ambient and household air pollution attributable death rate (per 100 000 population, age-standardized)_2016_Both sexes	Ambient and household air pollution attributable death rate (per 100 000 population, age-standardized)_2016_Male	Ambient and household air pollution attributable death rate (per 100 000 population, age-standardized)_2016_Female	Mortality rate attributed to exposure to unsafe WASH services (per 100 000 population) (SDG 3.9.2)_2016_Both sexes	Mortality rate attributed to exposure to unsafe WASH services (per 100 000 population) (SDG 3.9.2)_2016_Male	Mortality rate attributed to exposure to unsafe WASH services (per 100 000 population) (SDG 3.9.2)_2016_Female	Mortality rate attributed to unintentional poisoning (per 100 000 population)_2016_Both sexes	Mortality rate attributed to unintentional poisoning (per 100 000 population)_2016_Male	Mortality rate attributed to unintentional poisoning (per 100 000 population)_2016_Female	Mortality rate attributed to unintentional poisoning (per 100 000 population)_2015_Both sexes	Mortality rate attributed to unintentional poisoning (per 100 000 population)_2015_Male	Mortality rate attributed to unintentional poisoning (per 100 000 population)_2015_Female	Mortality rate attributed to unintentional poisoning (per 100 000 population)_2010_Both sexes	Mortality rate attributed to unintentional poisoning (per 100 000 population)_2010_Male	Mortality rate attributed to unintentional poisoning (per 100 000 population)_2010_Female	Mortality rate attributed to unintentional poisoning (per 100 000 population)_2005_Both sexes	Mortality rate attributed to unintentional poisoning (per 100 000 population)_2005_Male	Mortality rate attributed to unintentional poisoning (per 100 000 population)_2005_Female	Mortality rate attributed to unintentional poisoning (per 100 000 population)_2000_Both sexes	Mortality rate attributed to unintentional poisoning (per 100 000 population)_2000_Male	Mortality rate attributed to unintentional poisoning (per 100 000 population)_2000_Female
Afghanistan	95[ 85-104]	96[ 85-106]	95[ 85-104]	211[ 189-231]	229[ 205-254]	195[ 174-214]	13.9	12.6	15.3	1.2	0.5	1.9	1.2	0.6	1.9	1.4	0.8	2.1	1.5	0.9	2.2	1.7	1.2	2.2
Albania	105[ 70-147]	118[ 81-164]	92[ 60-131]	68[ 46-96]	82[ 57-115]	55[ 36-78]	0.2	0.2	0.1	0.4	0.5	0.4	0.4	0.5	0.4	0.5	0.6	0.4	0.6	0.7	0.5	1	1.3	0.7
Algeria	40[ 31-70]	43[ 34-74]	38[ 29-67]	50[ 39-86]	55[ 44-94]	44[ 34-79]	1.9	1.7	2.0	0.8	0.9	0.6	0.8	1	0.6	0.9	1.1	0.7	1	1.2	0.8	1.3	1.4	1.1
Angola	67[ 58-76]	65[ 55-74]	69[ 60-79]	119[ 102-135]	120[ 102-137]	117[ 101-132]	48.8	52.6	45.2	2.7	3.4	2	2.9	3.7	2.2	3.5	4.4	2.6	4.3	5.5	3.2	4.9	6.5	3.4
Antigua and Barbuda	28[ 24-34]	31[ 26-37]	26[ 21-31]	30[ 25-36]	37[ 31-44]	24[ 20-29]	0.1	0.1	0.1	0.4	0.3	0.4	0.4	0.3	0.4	0.5	0.4	0.5	0.5	0.4	0.6	0.5	0.5	0.5
Argentina	37[ 28-49]	39[ 30-51]	35[ 26-48]	27[ 20-35]	36[ 27-47]	20[ 14-27]	0.4	0.3	0.4	0.6	0.8	0.5	0.7	0.8	0.5	0.7	0.9	0.6	0.8	1	0.6	0.8	1.1	0.6
Armenia	81[ 64-102]	94[ 77-117]	69[ 52-90]	55[ 44-69]	78[ 64-96]	38[ 29-50]	0.2	0.2	0.2	0.6	0.9	0.4	0.7	1	0.4	0.7	1	0.4	0.8	1.1	0.5	0.9	1.4	0.5
Australia	17[ 12-24]	18[ 13-24]	16[ 11-24]	8[ 6-12]	10[ 7-14]	7[ 4-10]	0.1	0.1	0.1	0.2	0.2	0.2	0.2	0.2	0.2	0.2	0.3	0.2	0.2	0.3	0.2	0.2	0.3	0.2
Austria	39[ 28-51]	39[ 30-49]	38[ 26-52]	15[ 11-20]	19[ 15-24]	12[ 8-16]	0.1	0.1	0.2	0.2	0.3	0.2	0.2	0.3	0.2	0.3	0.4	0.2	0.2	0.3	0.2	0.3	0.4	0.2
Azerbaijan	55[ 43-73]	60[ 48-79]	50[ 38-67]	64[ 50-85]	80[ 64-105]	51[ 39-69]	1.1	1.3	1.0	0.6	0.8	0.3	0.6	0.8	0.3	0.8	1.2	0.4	0.8	1.1	0.5	1	1.5	0.6
Bahamas	22[ 18-26]	24[ 21-28]	19[ 15-23]	20[ 17-24]	26[ 22-30]	15[ 12-19]	0.1	0.1	0.1	0.1	0.2	0.1	0.1	0.2	0.1	0.2	0.2	0.2	0.2	0.2	0.2	0.3	0.3	0.2
Bahrain	15[ 14-17]	16[ 14-17]	15[ 13-17]	40[ 36-45]	45[ 40-49]	35[ 31-39]	&lt;0.1	&lt;0.1	&lt;0.1	0.2	0.3	0.1	0.2	0.3	0.1	0.2	0.3	0.1	0.3	0.4	0.2	0.5	0.6	0.3
Bangladesh	103[ 94-112]	112[ 98-123]	95[ 87-102]	149[ 136-162]	161[ 142-178]	137[ 126-147]	11.9	10.1	13.8	0.3	0.3	0.2	0.3	0.4	0.2	0.5	0.6	0.3	0.4	0.5	0.2	0.4	0.5	0.2
Barbados	57[ 46-69]	60[ 50-71]	54[ 43-67]	31[ 25-37]	39[ 32-46]	25[ 20-31]	0.2	0.1	0.2	0.2	0.2	0.2	0.2	0.2	0.2	0.2	0.2	0.2	0.3	0.3	0.2	0.3	0.4	0.2
Belarus	110[ 86-139]	121[ 99-148]	100[ 72-135]	61[ 47-77]	94[ 77-115]	40[ 28-54]	0.1	0.1	0.1	2.6	4.3	1.1	2.7	4.4	1.1	3.5	5.5	1.7	4.8	7.7	2.3	6.3	10.4	2.6
Belgium	39[ 30-51]	42[ 33-53]	37[ 27-49]	16[ 12-20]	21[ 16-26]	12[ 9-16]	0.3	0.2	0.4	0.2	0.3	0.2	0.2	0.3	0.2	0.3	0.3	0.2	0.3	0.3	0.2	0.4	0.5	0.3
Belize	35[ 29-42]	42[ 35-50]	28[ 23-33]	69[ 57-81]	83[ 68-98]	55[ 45-65]	1.0	1.0	0.9	0.5	0.7	0.3	0.5	0.7	0.3	0.6	0.7	0.4	0.7	0.9	0.5	1	1.3	0.7
Benin	119[ 107-129]	115[ 102-127]	123[ 111-133]	205[ 184-223]	219[ 195-241]	193[ 174-209]	59.7	65.1	54.4	3.5	4.3	2.7	3.6	4.4	2.8	3.6	4.5	2.7	3.3	4.2	2.5	3.6	4.6	2.6
Bhutan	88[ 66-106]	87[ 65-107]	89[ 67-108]	124[ 95-151]	120[ 90-148]	130[ 99-158]	3.9	3.4	4.6	0.6	0.7	0.5	0.6	0.7	0.5	0.7	0.9	0.6	1	1.2	0.8	1.4	1.8	1.1
Bolivia (Plurinational State of)	55[ 46-65]	59[ 49-69]	52[ 43-62]	64[ 53-76]	72[ 60-86]	56[ 46-66]	5.6	6.2	4.9	2	2.6	1.4	2.1	2.8	1.5	2.8	3.5	2.1	3.9	4.8	3	4.7	5.5	4
Bosnia and Herzegovina	159[ 117-204]	168[ 122-213]	151[ 109-197]	80[ 58-102]	101[ 73-128]	62[ 45-81]	0.1	0.1	0.1	0.5	0.6	0.4	0.5	0.6	0.4	0.7	0.9	0.5	0.9	1.1	0.6	1.2	1.7	0.7
Botswana	53[ 42-64]	53[ 42-65]	53[ 42-64]	101[ 80-123]	120[ 94-147]	88[ 70-106]	11.8	11.2	12.3	1.1	1.2	1.1	1.2	1.2	1.1	1.4	1.5	1.3	1.6	2	1.3	1.6	2.1	1.1
Brazil	31[ 24-41]	34[ 27-44]	28[ 22-38]	30[ 24-39]	37[ 30-49]	24[ 19-32]	1.0	1.0	1.1	0.2	0.2	0.2	0.2	0.2	0.2	0.2	0.3	0.2	0.2	0.3	0.2	0.3	0.4	0.2
Brunei Darussalam	9[ 6-11]	10[ 7-13]	7[ 5-10]	13[ 10-18]	15[ 11-20]	11[ 8-15]	&lt;0.1	&lt;0.1	&lt;0.1	0.3	0.4	0.2	0.3	0.4	0.2	0.3	0.4	0.2	0.3	0.4	0.2	0.3	0.4	0.2
Bulgaria	141[ 103-230]	153[ 116-249]	129[ 89-218]	62[ 45-101]	82[ 62-134]	45[ 31-76]	0.1	0.1	0.1	0.6	0.8	0.4	0.6	0.8	0.4	0.8	1	0.5	1	1.5	0.6	1.5	2.2	0.9
Burkina Faso	93[ 84-101]	89[ 80-97]	96[ 87-105]	206[ 186-225]	223[ 199-244]	194[ 175-211]	49.6	45.5	53.7	3	3.4	2.6	3	3.4	2.6	2.7	3.1	2.2	2.8	3.4	2.3	2.8	3.5	2.1
Burundi	100[ 91-109]	103[ 92-112]	98[ 89-106]	180[ 163-195]	187[ 168-205]	173[ 157-187]	65.4	64.0	66.8	5.2	6.8	3.7	5.3	6.9	3.7	5.2	6.9	3.6	4.8	6.3	3.4	4.3	5.7	3
Cabo Verde	69[ 56-91]	67[ 54-88]	71[ 57-96]	99[ 81-132]	120[ 98-159]	85[ 69-115]	4.1	4.3	4.0	0.5	0.6	0.5	0.5	0.6	0.5	0.6	0.7	0.6	0.7	0.8	0.6	0.8	0.9	0.7
Cambodia	87[ 80-95]	84[ 76-92]	90[ 82-99]	150[ 136-163]	164[ 147-180]	140[ 126-152]	6.5	6.6	6.3	0.6	0.7	0.5	0.6	0.7	0.5	0.8	0.9	0.7	1.1	1.3	1	1.5	1.7	1.3
Cameroon	118[ 103-131]	124[ 108-138]	111[ 98-123]	208[ 182-231]	228[ 199-255]	190[ 167-209]	45.2	46.2	44.1	3.1	4	2.2	3.3	4.2	2.3	3.4	4.4	2.3	3.3	4.2	2.3	3.9	5	2.8
Canada	15[ 10-21]	16[ 11-21]	14[ 9-20]	7[ 5-10]	9[ 6-12]	5[ 3-8]	0.4	0.3	0.4	0.3	0.3	0.3	0.3	0.3	0.3	0.3	0.4	0.3	0.3	0.4	0.3	0.4	0.5	0.3
Central African Republic	141[ 128-153]	138[ 124-151]	144[ 131-155]	212[ 193-229]	221[ 198-241]	204[ 185-219]	82.1	89.7	74.7	3.2	4.2	2.3	3.5	4.5	2.4	3.6	4.8	2.4	3	4	2.1	3.2	4.2	2.2
Chad	181[ 160-198]	187[ 165-205]	175[ 156-191]	280[ 248-306]	301[ 265-330]	262[ 233-285]	101.0	107.0	95.0	3.6	4.8	2.4	3.7	4.9	2.5	3.7	5	2.4	4	5.5	2.4	3.9	5.6	2.2
Chile	35[ 26-47]	37[ 29-50]	32[ 24-44]	25[ 19-34]	33[ 25-44]	19[ 14-27]	0.2	0.2	0.2	0.2	0.3	0.1	0.2	0.3	0.1	0.2	0.3	0.1	0.2	0.3	0.1	0.3	0.5	0.2
China	140[ 107-171]	144[ 110-177]	135[ 103-165]	113[ 86-138]	126[ 96-155]	100[ 77-122]	0.6	0.5	0.7	1.4	1.1	1.6	1.4	1.1	1.6	1.3	1.1	1.5	1.3	1.2	1.5	1.5	1.5	1.5
Colombia	34[ 27-43]	38[ 30-48]	31[ 24-39]	37[ 29-47]	45[ 36-57]	30[ 23-38]	0.8	0.7	0.8	0.4	0.5	0.2	0.4	0.5	0.2	0.3	0.5	0.2	0.3	0.4	0.2	0.4	0.5	0.2
Comoros	94[ 84-102]	98[ 88-108]	89[ 80-97]	172[ 155-189]	192[ 172-212]	154[ 139-169]	50.7	51.1	50.3	2.4	2.8	1.9	2.4	2.9	2	2.5	3	2.1	2.8	3.3	2.3	3.2	3.9	2.6
Congo	73[ 65-80]	66[ 58-73]	80[ 71-88]	131[ 116-144]	122[ 107-135]	138[ 123-152]	38.7	43.5	33.9	1.2	1.4	1	1.3	1.5	1.1	1.6	1.9	1.3	2	2.3	1.6	2.4	3	1.9
Costa Rica	27[ 21-34]	30[ 24-38]	24[ 18-30]	23[ 18-29]	29[ 23-36]	18[ 14-24]	0.9	0.7	1.0	0.3	0.5	0.1	0.3	0.4	0.1	0.3	0.6	0.1	0.3	0.5	0.1	0.3	0.5	0.2
CÃ´te d'Ivoire	144[ 127-160]	157[ 138-176]	130[ 116-144]	269[ 238-299]	279[ 245-313]	259[ 230-285]	47.2	49.5	44.7	3.9	5.1	2.8	4	5.1	2.9	3.9	5	2.7	3.4	4.6	2.1	3.2	4.3	2
Croatia	86[ 62-126]	91[ 67-130]	83[ 57-122]	35[ 25-52]	48[ 36-69]	25[ 17-37]	0.1	0.1	0.1	0.2	0.2	0.1	0.2	0.2	0.2	0.2	0.2	0.2	0.2	0.3	0.2	0.3	0.4	0.2
Cuba	90[ 50-174]	95[ 55-184]	85[ 45-167]	50[ 27-96]	58[ 33-112]	42[ 22-83]	1.0	1.0	1.0	0.3	0.1	0.5	0.3	0.1	0.5	0.3	0.2	0.5	0.3	0.2	0.4	0.4	0.4	0.4
Cyprus	33[ 26-40]	39[ 31-47]	26[ 20-35]	20[ 16-25]	28[ 23-34]	13[ 10-17]	0.3	0.3	0.3	0.1	0.1	0.1	0.1	0.1	0.1	0.1	0.2	0.1	0.2	0.2	0.1	0.2	0.2	0.1
Czechia	64[ 49-88]	69[ 54-92]	60[ 43-84]	30[ 22-41]	40[ 31-53]	21[ 15-30]	0.2	0.1	0.2	0.3	0.4	0.2	0.3	0.4	0.2	0.3	0.5	0.2	0.4	0.6	0.2	0.4	0.7	0.2
Democratic People's Republic of Korea	231[ 197-257]	237[ 196-272]	225[ 193-249]	207[ 177-231]	288[ 237-329]	158[ 136-176]	1.4	1.6	1.1	1.9	2	1.8	1.9	2.1	1.8	2.3	2.5	2.1	2.5	2.7	2.2	2.1	2.6	1.7
Democratic Republic of the Congo	101[ 90-110]	96[ 86-105]	105[ 95-114]	164[ 147-179]	160[ 142-175]	166[ 150-180]	59.8	69.8	49.8	3.2	3.9	2.5	3.3	4	2.5	3	3.8	2.2	2.9	3.7	2.1	3.3	4.2	2.4
Denmark	30[ 22-40]	31[ 23-41]	29[ 21-40]	13[ 10-17]	16[ 12-21]	11[ 8-15]	0.3	0.2	0.4	0.1	0.2	0.1	0.2	0.2	0.1	0.2	0.3	0.2	0.3	0.4	0.2	0.3	0.4	0.2
Djibouti	99[ 88-108]	106[ 94-116]	92[ 82-100]	159[ 141-173]	177[ 157-194]	143[ 127-155]	31.3	29.4	33.2	2.4	2.9	1.8	2.3	2.9	1.8	2.3	2.8	1.8	2.9	3.5	2.3	3.4	4.2	2.6
Dominican Republic	38[ 30-47]	43[ 34-52]	34[ 27-43]	43[ 34-53]	50[ 40-61]	36[ 28-45]	2.2	2.2	2.2	0.4	0.4	0.4	0.4	0.4	0.4	0.4	0.4	0.4	0.4	0.4	0.4	0.6	0.6	0.5
Ecuador	22[ 16-31]	24[ 18-33]	21[ 15-29]	25[ 18-34]	29[ 21-40]	21[ 15-29]	0.6	0.6	0.7	0.6	0.8	0.4	0.6	0.9	0.4	0.7	1	0.4	0.9	1.2	0.5	1.2	1.7	0.7
Egypt	73[ 64-91]	80[ 71-98]	66[ 57-84]	109[ 96-135]	130[ 115-160]	90[ 78-114]	2.0	1.8	2.2	0.2	0.3	0.2	0.2	0.3	0.2	0.2	0.3	0.2	0.3	0.3	0.2	0.3	0.3	0.3
El Salvador	42[ 33-53]	47[ 36-58]	39[ 30-49]	42[ 32-52]	51[ 40-63]	35[ 27-44]	2.0	2.4	1.6	0.2	0.3	0.1	0.2	0.4	0.1	0.2	0.3	0.1	0.3	0.4	0.2	0.5	0.6	0.3
Equatorial Guinea	100[ 75-120]	97[ 73-117]	104[ 77-125]	178[ 133-214]	181[ 136-218]	174[ 129-209]	22.3	21.0	23.9	1.9	2.2	1.5	2	2.4	1.6	2.4	2.9	1.8	2.3	2.9	1.7	3.3	4.4	2.2
Eritrea	95[ 83-105]	103[ 90-115]	88[ 76-97]	174[ 151-192]	201[ 176-224]	150[ 131-166]	45.6	47.6	43.5	4.2	5.6	2.7	4.4	5.9	2.9	5.2	7	3.3	5	6.7	3.3	5.8	7.6	4
Estonia	60[ 34-103]	59[ 36-102]	61[ 32-106]	25[ 14-43]	36[ 22-62]	17[ 9-30]	&lt;0.1	&lt;0.1	&lt;0.1	0.5	0.8	0.2	0.5	0.8	0.2	0.6	1	0.3	1.1	2	0.4	1.9	3.4	0.6
Eswatini	69[ 58-79]	68[ 56-79]	69[ 59-79]	137[ 116-157]	157[ 130-183]	124[ 106-140]	27.9	25.9	29.8	3.3	3.2	3.4	3.4	3.3	3.4	3.3	3.3	3.3	3.2	3.4	3	2.8	2.8	2.8
Ethiopia	82[ 75-89]	87[ 79-95]	77[ 70-83]	144[ 132-157]	158[ 142-172]	132[ 120-142]	43.7	46.5	40.8	2.9	3.6	2.2	3	3.7	2.3	3.4	4.3	2.6	4.2	5.4	2.9	5.1	6.9	3.2
Fiji	76[ 55-93]	97[ 70-119]	55[ 39-67]	99[ 71-121]	131[ 95-161]	70[ 50-86]	2.9	3.5	2.2	0.4	0.7	0.2	0.5	0.7	0.2	0.5	0.8	0.2	0.6	0.9	0.2	0.6	0.9	0.3
Finland	19[ 12-29]	21[ 14-29]	17[ 9-30]	7[ 4-11]	10[ 7-14]	5[ 3-9]	&lt;0.1	&lt;0.1	&lt;0.1	0.2	0.3	0.2	0.2	0.3	0.2	0.3	0.4	0.2	0.3	0.5	0.2	0.4	0.7	0.2
France	25[ 19-33]	27[ 21-35]	23[ 17-33]	10[ 7-13]	13[ 10-17]	7[ 5-9]	0.3	0.2	0.3	0.5	0.3	0.6	0.5	0.4	0.6	0.5	0.4	0.6	0.5	0.4	0.6	0.6	0.5	0.7
Gabon	51[ 39-69]	48[ 37-66]	53[ 41-73]	76[ 59-104]	79[ 62-108]	73[ 56-100]	20.6	22.5	18.6	0.9	1.1	0.8	1	1.1	0.8	1	1.2	0.9	1.1	1.3	0.9	1.3	1.5	1
Gambia	97[ 89-106]	106[ 95-115]	89[ 81-97]	237[ 216-257]	254[ 229-277]	220[ 201-238]	29.7	30.9	28.4	1.9	2.3	1.5	2	2.4	1.5	2.2	2.7	1.7	2.6	3.2	1.9	3	3.9	2.2
Georgia	184[ 133-242]	197[ 146-254]	172[ 122-230]	102[ 74-134]	140[ 104-180]	73[ 52-98]	0.2	0.2	0.2	0.8	1.2	0.5	0.8	1.2	0.5	0.8	1.2	0.4	0.7	1	0.5	0.9	1.1	0.6
Germany	45[ 34-59]	47[ 37-59]	43[ 30-59]	16[ 12-21]	21[ 16-26]	12[ 8-16]	0.6	0.5	0.7	0.2	0.1	0.2	0.1	0.1	0.2	0.1	0.2	0.1	0.1	0.2	0.1	0.2	0.2	0.2
Ghana	101[ 91-112]	94[ 82-105]	109[ 99-119]	204[ 183-225]	203[ 179-227]	204[ 184-224]	18.8	18.2	19.4	1.7	2	1.3	1.7	2	1.3	1.5	1.8	1.2	1.5	1.8	1.2	1.5	1.9	1.2
Greece	77[ 53-159]	81[ 58-168]	72[ 47-151]	28[ 19-57]	36[ 26-74]	20[ 13-42]	&lt;0.1	&lt;0.1	0.1	0.2	0.3	0.1	0.2	0.3	0.1	0.3	0.4	0.2	0.3	0.4	0.2	0.4	0.5	0.2
Grenada	44[ 36-56]	42[ 34-51]	46[ 37-60]	45[ 37-58]	52[ 43-63]	39[ 31-51]	0.3	0.7	&lt;0.1	0.4	0.4	0.3	0.3	0.4	0.3	0.4	0.5	0.3	0.6	0.7	0.4	0.8	1	0.6
Guatemala	50[ 43-56]	50[ 44-57]	49[ 43-55]	74[ 65-83]	81[ 70-92]	68[ 60-76]	6.3	6.6	6.0	1.1	1.4	0.8	1.2	1.5	0.8	1.5	2	0.9	1.7	2.3	1.1	1.7	2.2	1.3
Guinea	127[ 116-138]	127[ 114-139]	128[ 117-137]	243[ 221-264]	249[ 224-273]	237[ 217-255]	44.6	48.3	41.0	3	3.8	2.1	3.1	3.9	2.2	3.4	4.4	2.3	3.5	4.5	2.4	3.4	4.3	2.4
Guinea-Bissau	108[ 98-118]	109[ 98-119]	108[ 99-117]	215[ 195-233]	225[ 202-246]	206[ 188-223]	35.3	37.7	33.0	2.2	2.9	1.5	2.2	2.9	1.5	2.6	3.5	1.7	3	4.1	1.9	3.1	4.2	2.1
Guyana	76[ 62-90]	79[ 65-95]	72[ 58-86]	108[ 88-128]	117[ 97-140]	98[ 80-118]	3.6	4.1	3.2	0.7	0.7	0.7	0.7	0.7	0.7	0.7	0.7	0.7	0.7	0.7	0.6	0.9	1	0.8
Haiti	127[ 118-137]	129[ 117-140]	126[ 116-135]	184[ 170-198]	198[ 180-214]	172[ 159-185]	23.8	27.5	20.1	2.6	3	2.2	2.7	3.1	2.3	2.9	3.4	2.4	2.9	3.5	2.3	3.6	4.3	2.8
Honduras	39[ 33-46]	45[ 38-52]	34[ 28-39]	61[ 51-70]	76[ 64-87]	48[ 40-55]	3.6	3.4	3.8	0.4	0.6	0.2	0.4	0.6	0.2	0.4	0.6	0.2	0.5	0.7	0.2	0.6	0.8	0.3
Hungary	83[ 64-102]	87[ 71-103]	79[ 58-102]	39[ 30-48]	53[ 43-63]	28[ 21-37]	0.2	0.2	0.3	0.3	0.4	0.1	0.3	0.4	0.2	0.3	0.5	0.2	0.3	0.5	0.2	0.4	0.6	0.2
Iceland	17[ 11-25]	18[ 12-25]	16[ 10-24]	9[ 6-13]	11[ 7-15]	7[ 4-11]	0.1	0.1	0.1	0.2	0.3	0.1	0.2	0.3	0.1	0.2	0.3	0.2	0.2	0.3	0.2	0.3	0.4	0.2
India	141[ 121-158]	147[ 125-167]	134[ 115-151]	184[ 158-207]	202[ 172-230]	166[ 143-187]	18.6	15.9	21.5	2.4	2.8	1.9	2.4	2.9	1.9	3	3.6	2.3	4.1	5	3.1	5.2	6.4	3.8
Indonesia	81[ 65-97]	90[ 71-108]	72[ 57-86]	112[ 90-135]	134[ 106-161]	94[ 75-112]	7.1	6.3	7.8	0.4	0.6	0.2	0.4	0.6	0.2	0.5	0.7	0.2	0.5	0.8	0.2	0.6	0.9	0.3
Iran (Islamic Republic of)	35[ 30-41]	40[ 34-47]	30[ 25-35]	51[ 43-60]	56[ 48-65]	46[ 39-54]	1.0	1.0	1.0	1.2	1.6	0.8	1.2	1.6	0.8	2.1	3	1.2	3.5	5.1	1.9	4.2	5.7	2.7
Iraq	35[ 31-41]	39[ 34-45]	32[ 28-37]	75[ 66-87]	88[ 78-101]	64[ 56-74]	3.0	3.8	2.3	0.5	0.6	0.4	0.5	0.6	0.4	0.5	0.6	0.4	0.5	0.6	0.4	0.8	1	0.5
Ireland	20[ 14-27]	22[ 16-28]	19[ 13-27]	12[ 8-16]	15[ 11-19]	9[ 6-14]	0.1	&lt;0.1	0.1	0.2	0.3	0.1	0.2	0.3	0.1	0.2	0.3	0.1	0.3	0.5	0.2	0.5	0.7	0.3
Israel	23[ 19-29]	26[ 21-32]	21[ 16-26]	15[ 12-19]	21[ 17-25]	11[ 9-14]	0.2	0.2	0.3	0.1	0.2	0.1	0.2	0.2	0.1	0.2	0.2	0.1	0.2	0.3	0.1	0.2	0.3	0.2
Italy	49[ 37-64]	51[ 40-63]	47[ 34-65]	15[ 11-20]	20[ 15-24]	11[ 8-16]	0.1	0.1	0.2	0.3	0.2	0.3	0.3	0.2	0.3	0.3	0.2	0.3	0.3	0.3	0.4	0.5	0.6	0.5
Jamaica	32[ 23-42]	34[ 25-45]	30[ 21-41]	25[ 19-34]	30[ 22-40]	21[ 15-29]	0.6	0.7	0.6	0.2	0.2	0.2	0.2	0.2	0.2	0.2	0.2	0.2	0.2	0.3	0.2	0.3	0.3	0.3
Japan	43[ 31-59]	47[ 35-63]	39[ 27-55]	12[ 9-16]	17[ 12-22]	8[ 6-11]	0.2	0.1	0.2	0.4	0.6	0.3	0.4	0.6	0.3	0.5	0.7	0.3	0.5	0.7	0.3	0.4	0.6	0.3
Jordan	26[ 23-31]	32[ 28-37]	21[ 17-24]	51[ 44-60]	65[ 56-75]	39[ 33-45]	0.6	0.5	0.8	0.6	0.5	0.8	0.6	0.5	0.8	0.8	0.6	0.9	1	0.9	1.2	1.4	1.2	1.6
Kazakhstan	57[ 42-83]	63[ 48-91]	51[ 36-75]	63[ 46-92]	86[ 65-125]	47[ 33-68]	0.4	0.4	0.4	2.3	3.3	1.3	2.6	3.7	1.5	3.1	4.6	1.7	5.8	8.9	2.8	16.1	26	6.9
Kenya	40[ 35-44]	40[ 35-45]	39[ 35-43]	78[ 69-86]	81[ 71-90]	75[ 66-82]	51.2	52.6	49.7	1.8	2.5	1.1	1.8	2.5	1.1	2.2	3.1	1.4	2.9	3.9	1.8	3.8	5.3	2.4
Kiribati	88[ 80-95]	103[ 92-112]	74[ 67-80]	140[ 127-151]	187[ 167-204]	107[ 97-115]	16.7	13.5	19.7	2.6	3.1	2	2.6	3.1	2.1	2.4	3	1.9	2.1	2.8	1.4	2.1	2.9	1.3
Kuwait	37[ 33-41]	46[ 41-50]	25[ 23-28]	104[ 94-114]	114[ 102-125]	89[ 80-99]	&lt;0.1	&lt;0.1	&lt;0.1	0.2	0.2	0.1	0.2	0.2	0.2	0.2	0.2	0.2	0.2	0.2	0.2	0.2	0.2	0.2
Kyrgyzstan	74[ 53-100]	80[ 59-106]	68[ 47-93]	111[ 80-149]	142[ 104-189]	87[ 61-120]	0.8	0.8	0.7	0.6	0.8	0.4	0.7	0.9	0.5	0.8	1.1	0.5	1.1	1.4	0.7	1.5	2.1	1
Lao People's Democratic Republic	110[ 101-118]	106[ 96-115]	114[ 105-123]	188[ 173-203]	196[ 178-213]	182[ 166-196]	11.3	11.2	11.4	0.9	1	0.8	0.9	1	0.8	1.1	1.3	0.9	1.5	1.6	1.3	1.7	2	1.5
Latvia	98[ 70-137]	98[ 75-133]	97[ 64-142]	41[ 29-58]	60[ 46-82]	28[ 19-42]	&lt;0.1	&lt;0.1	&lt;0.1	0.8	1.5	0.3	0.9	1.5	0.3	1.2	2.1	0.4	2.7	4.9	0.9	2.9	5.2	1
Lebanon	52[ 43-60]	61[ 50-70]	43[ 36-51]	51[ 43-60]	61[ 51-71]	41[ 34-48]	0.8	0.7	0.9	0.3	0.3	0.3	0.3	0.3	0.3	0.3	0.4	0.3	0.4	0.5	0.3	0.6	0.7	0.5
Lesotho	113[ 99-129]	105[ 90-122]	121[ 106-137]	178[ 155-203]	196[ 167-228]	166[ 146-188]	44.4	38.6	49.8	3.1	3	3.3	3.2	3	3.3	3.2	3	3.3	3	2.9	3	2.7	2.6	2.8
Liberia	83[ 76-90]	80[ 72-87]	87[ 79-94]	170[ 155-185]	168[ 152-183]	172[ 157-186]	41.5	43.5	39.5	1.8	2.5	1.1	1.8	2.5	1.1	2.2	3.1	1.3	2.3	3.2	1.4	2.4	3.2	1.6
Libya	43[ 38-49]	51[ 46-57]	35[ 31-40]	72[ 63-81]	92[ 82-103]	54[ 47-61]	0.6	0.5	0.7	0.6	0.8	0.4	0.5	0.6	0.4	0.7	0.9	0.5	1	1.2	0.7	1.2	1.5	0.8
Lithuania	82[ 60-109]	84[ 66-103]	80[ 53-115]	34[ 25-45]	51[ 40-62]	23[ 15-33]	0.1	0.1	0.1	0.7	1.2	0.3	0.8	1.3	0.3	1	1.7	0.4	1.3	2.2	0.5	2.1	3.6	0.8
Luxembourg	23[ 17-30]	24[ 18-30]	21[ 15-30]	12[ 9-15]	15[ 11-19]	8[ 6-12]	&lt;0.1	&lt;0.1	0.1	0.1	0.1	0.1	0.1	0.1	0.1	0.1	0.1	0.1	0.2	0.2	0.2	0.2	0.2	0.2
Madagascar	80[ 73-86]	81[ 73-88]	79[ 73-85]	160[ 146-172]	167[ 151-181]	153[ 140-164]	30.2	30.8	29.7	3.3	4	2.6	3.3	4.1	2.6	4.4	5.4	3.4	4.7	5.8	3.7	5.4	6.7	4.2
Malawi	54[ 49-59]	56[ 50-61]	52[ 47-57]	115[ 104-125]	130[ 116-142]	104[ 94-112]	28.3	29.1	27.5	2	2.5	1.5	2.1	2.6	1.6	2.2	2.8	1.6	3.2	4.1	2.3	3.9	5.1	2.7
Malaysia	35[ 27-58]	40[ 31-63]	30[ 22-52]	47[ 36-78]	56[ 43-88]	39[ 29-67]	0.4	0.4	0.5	0.5	0.6	0.3	0.5	0.6	0.3	0.5	0.7	0.4	0.6	0.7	0.4	0.7	0.9	0.6
Maldives	14[ 10-23]	15[ 11-24]	13[ 8-21]	26[ 17-41]	30[ 20-47]	21[ 13-35]	0.3	0.4	0.2	0	0	0	0	0	0	0.1	0.1	0.1	0.1	0.1	0.1	0.1	0.2	0.1
Mali	107[ 97-115]	98[ 88-107]	116[ 106-124]	209[ 191-226]	201[ 180-219]	216[ 198-232]	70.7	70.4	71.1	3.3	4.2	2.4	3.3	4.3	2.4	3.9	5	2.8	3.6	4.7	2.6	4.1	5.4	2.8
Malta	44[ 34-55]	47[ 37-58]	40[ 29-53]	20[ 16-25]	26[ 21-32]	15[ 11-20]	&lt;0.1	&lt;0.1	0.1	0.1	0.2	0.1	0.1	0.2	0.1	0.1	0.2	0.1	0.2	0.2	0.1	0.2	0.3	0.1
Mauritania	88[ 76-102]	90[ 77-105]	85[ 74-98]	169[ 147-196]	184[ 158-214]	157[ 137-181]	38.6	40.7	36.5	1.9	2.5	1.2	1.9	2.6	1.3	1.9	2.5	1.3	2	2.7	1.3	2	2.7	1.3
Mauritius	48[ 34-81]	55[ 40-94]	41[ 28-71]	38[ 27-65]	50[ 36-85]	28[ 19-50]	0.6	0.7	0.4	0.1	0.1	0.1	0.1	0.1	0.1	0.1	0.1	0.1	0.1	0.1	0.1	0.2	0.2	0.2
Mexico	33[ 28-39]	36[ 30-42]	30[ 25-36]	37[ 31-43]	44[ 37-52]	30[ 25-36]	1.1	1.0	1.1	0.4	0.6	0.3	0.4	0.6	0.3	0.5	0.6	0.3	0.6	0.7	0.4	0.7	1	0.5
Micronesia (Federated States of)	93[ 80-102]	96[ 81-107]	90[ 76-99]	152[ 131-166]	171[ 145-190]	135[ 115-148]	3.6	3.4	3.7	1	1.4	0.6	1	1.4	0.6	1.1	1.6	0.7	1.4	1.8	0.9	1.3	1.7	0.9
Mongolia	97[ 84-110]	115[ 100-131]	79[ 68-91]	156[ 135-177]	203[ 176-231]	119[ 102-135]	1.3	1.8	0.8	1.6	2.2	1	1.6	2.2	1	2	2.8	1.3	3.1	4.3	1.9	7.8	11.4	4.2
Montenegro	140[ 99-182]	148[ 107-189]	132[ 91-177]	79[ 56-102]	98[ 71-125]	62[ 43-83]	&lt;0.1	&lt;0.1	&lt;0.1	0.5	0.6	0.4	0.5	0.7	0.4	0.6	0.7	0.4	0.8	1	0.6	1	1.2	0.7
Morocco	40[ 33-50]	43[ 36-53]	38[ 31-48]	49[ 41-61]	58[ 49-72]	42[ 34-53]	1.9	1.8	2.0	0.6	0.7	0.5	0.6	0.7	0.5	0.7	0.8	0.6	1.1	1.3	0.8	1.6	2.1	1.2
Mozambique	64[ 58-70]	63[ 56-69]	66[ 59-71]	110[ 99-120]	114[ 102-125]	106[ 96-116]	27.6	28.2	27.1	2.9	3.5	2.4	3	3.6	2.5	3.2	3.8	2.6	3.5	4.3	2.7	4.4	5.5	3.3
Myanmar	116[ 104-128]	125[ 108-141]	108[ 97-118]	156[ 140-172]	188[ 162-211]	133[ 119-146]	12.6	13.1	12.2	1.4	0.9	1.9	1.4	0.9	1.9	1.6	1.1	2.1	2	1.4	2.5	2.3	1.7	2.9
Namibia	75[ 63-87]	75[ 63-89]	75[ 63-87]	145[ 123-170]	168[ 141-199]	129[ 109-150]	18.3	18.4	18.3	1.5	1.6	1.5	1.6	1.6	1.6	2	2	2	2.1	2.2	2	2.5	2.6	2.3
Nepal	133[ 121-145]	145[ 131-160]	122[ 111-132]	194[ 176-212]	217[ 196-240]	173[ 158-188]	19.8	14.9	24.4	0.4	0.6	0.3	0.5	0.6	0.4	0.7	0.8	0.5	0.9	1.1	0.8	1.5	1.7	1.2
Netherlands	31[ 24-40]	32[ 25-41]	30[ 22-41]	14[ 10-18]	17[ 13-21]	11[ 8-15]	0.2	0.2	0.3	0.1	0.1	0.1	0.1	0.1	0.1	0.1	0.1	0.1	0.1	0.1	0.1	0.1	0.1	0.1
New Zealand	14[ 9-20]	14[ 10-20]	13[ 8-21]	7[ 5-11]	9[ 6-12]	6[ 4-9]	0.1	0.1	0.2	0.2	0.3	0.1	0.2	0.3	0.1	0.2	0.3	0.1	0.2	0.3	0.1	0.2	0.3	0.1
Nicaragua	43[ 37-49]	44[ 37-50]	42[ 36-48]	56[ 48-63]	63[ 54-72]	50[ 43-57]	2.2	2.4	2.0	0.6	0.8	0.4	0.6	0.8	0.4	0.6	0.9	0.4	0.8	1	0.5	1.2	1.6	0.7
Niger	140[ 125-152]	142[ 126-155]	138[ 123-149]	252[ 225-274]	267[ 237-291]	237[ 212-258]	70.8	74.7	66.9	4.2	5.3	3	4.2	5.4	3.1	4.7	6.1	3.4	4.9	6.5	3.4	4.9	6.8	3
Nigeria	159[ 141-174]	155[ 136-171]	162[ 144-177]	307[ 273-337]	301[ 265-331]	313[ 278-340]	68.6	71.6	65.6	3	3.7	2.2	3	3.8	2.2	3.6	4.7	2.6	3.6	4.8	2.4	3.7	5	2.3
Norway	19[ 12-27]	19[ 13-26]	19[ 12-28]	9[ 6-12]	10[ 7-14]	7[ 4-11]	0.2	0.2	0.3	0.2	0.2	0.1	0.2	0.2	0.1	0.2	0.3	0.2	0.2	0.3	0.2	0.2	0.3	0.2
Oman	22[ 18-34]	23[ 19-35]	20[ 16-33]	54[ 45-84]	62[ 52-95]	43[ 35-69]	&lt;0.1	&lt;0.1	&lt;0.1	0.4	0.6	0.1	0.5	0.7	0.1	0.5	0.9	0.1	0.6	0.9	0.1	0.9	1.4	0.1
Pakistan	113[ 99-127]	128[ 112-143]	98[ 86-110]	174[ 152-194]	197[ 172-221]	149[ 131-167]	19.6	16.0	23.4	2.3	0.8	3.9	2.3	0.8	4	2.5	0.8	4.3	2.2	0.9	3.7	2.8	1	4.7
Panama	26[ 20-34]	29[ 22-37]	23[ 17-31]	26[ 20-33]	31[ 24-40]	21[ 15-27]	1.9	2.1	1.7	0.4	0.5	0.2	0.4	0.5	0.2	0.6	0.8	0.3	0.7	0.9	0.4	0.6	0.8	0.4
Papua New Guinea	90[ 79-98]	99[ 87-110]	80[ 71-88]	152[ 134-166]	184[ 161-204]	125[ 110-137]	16.3	14.6	18.1	1.7	2.6	0.7	1.8	2.8	0.7	1.9	3	0.8	2.2	3.3	1	2.2	3.3	1
Paraguay	46[ 38-53]	49[ 40-59]	42[ 34-49]	57[ 47-67]	66[ 54-79]	49[ 40-58]	1.5	1.4	1.5	0.3	0.4	0.3	0.4	0.4	0.3	0.4	0.4	0.4	0.5	0.6	0.5	0.9	0.9	0.8
Peru	58[ 48-69]	61[ 50-72]	56[ 46-66]	64[ 52-75]	74[ 61-88]	55[ 45-65]	1.3	1.3	1.2	0.9	1.2	0.6	0.9	1.3	0.6	1	1.4	0.7	1.1	1.4	0.7	1.3	1.8	0.9
Philippines	117[ 95-134]	130[ 105-151]	103[ 84-119]	185[ 150-212]	225[ 182-261]	151[ 123-174]	4.2	4.8	3.6	0.2	0.3	0.2	0.2	0.3	0.2	0.3	0.4	0.2	0.3	0.4	0.3	0.4	0.4	0.3
Poland	76[ 61-92]	83[ 70-97]	70[ 53-89]	38[ 30-46]	53[ 45-62]	26[ 20-33]	0.1	0.1	0.1	0.2	0.3	0.2	0.3	0.4	0.2	0.3	0.4	0.2	0.4	0.6	0.2	0.5	0.7	0.2
Portugal	28[ 19-43]	30[ 21-43]	27[ 17-43]	10[ 7-15]	13[ 9-19]	7[ 5-12]	0.2	0.1	0.2	0.3	0.3	0.2	0.3	0.3	0.2	0.3	0.4	0.2	0.3	0.5	0.2	0.4	0.7	0.2
Qatar	13[ 11-15]	14[ 13-16]	9[ 8-11]	47[ 42-55]	52[ 46-60]	37[ 33-43]	&lt;0.1	&lt;0.1	&lt;0.1	0.4	0.5	0.1	0.4	0.5	0.1	0.4	0.5	0.1	0.2	0.3	0	0.2	0.3	0.1
Republic of Korea	35[ 27-50]	39[ 30-56]	31[ 23-45]	20[ 16-30]	29[ 23-42]	14[ 11-21]	1.8	1.4	2.2	0.5	0.7	0.3	0.5	0.8	0.3	0.6	0.9	0.3	0.7	0.9	0.4	1	1.3	0.6
Republic of Moldova	107[ 78-156]	111[ 84-163]	102[ 72-152]	78[ 57-114]	102[ 77-149]	61[ 43-90]	0.1	0.1	0.1	1.2	1.7	0.7	1.2	1.7	0.7	1.7	2.6	0.9	4.4	6.9	2.1	5.7	8.6	3
Romania	123[ 81-204]	132[ 89-217]	115[ 72-198]	59[ 39-98]	79[ 53-129]	44[ 27-75]	0.4	0.3	0.4	0.4	0.5	0.3	0.4	0.5	0.3	0.5	0.6	0.4	0.7	0.8	0.5	1	1.3	0.7
Russian Federation	86[ 68-109]	93[ 77-112]	80[ 58-106]	49[ 39-63]	73[ 60-88]	33[ 24-45]	0.1	0.1	0.1	1.7	2.7	0.8	1.8	2.8	0.9	2.2	3.5	1	2.7	4.4	1.3	2.9	4.6	1.4
Rwanda	59[ 54-64]	58[ 53-64]	60[ 54-64]	121[ 111-131]	125[ 112-137]	118[ 107-127]	19.3	19.2	19.5	2.4	3.2	1.5	2.5	3.4	1.6	3.6	4.8	2.5	5.6	7.5	3.8	7.7	9.9	5.6
Saint Lucia	38[ 32-46]	41[ 34-48]	35[ 28-43]	30[ 25-36]	36[ 30-43]	25[ 20-31]	0.6	1.0	0.3	0.2	0.2	0.2	0.2	0.2	0.2	0.2	0.2	0.2	0.2	0.2	0.2	0.3	0.3	0.2
Saint Vincent and the Grenadines	48[ 38-60]	52[ 42-64]	44[ 35-57]	48[ 38-60]	56[ 46-69]	40[ 31-51]	1.3	1.4	1.3	0.2	0.2	0.2	0.2	0.2	0.2	0.2	0.2	0.2	0.3	0.3	0.2	0.3	0.4	0.3
Samoa	62[ 50-73]	73[ 58-86]	51[ 41-59]	85[ 69-99]	116[ 93-137]	58[ 47-68]	1.5	1.5	1.5	0.5	0.7	0.3	0.5	0.7	0.3	0.6	0.8	0.3	0.7	1	0.3	0.8	1.1	0.4
Sao Tome and Principe	82[ 65-93]	78[ 61-90]	86[ 69-97]	162[ 129-184]	168[ 132-195]	158[ 126-179]	11.4	11.0	11.7	0.9	1.6	0.1	0.9	1.7	0.1	1	1.9	0.1	1	1.8	0.1	1.4	2.7	0.2
Saudi Arabia	39[ 34-55]	43[ 38-60]	34[ 29-49]	84[ 72-117]	93[ 80-129]	72[ 61-103]	0.1	0.1	0.1	0.7	0.8	0.5	0.7	0.8	0.5	0.9	1	0.7	1	1.2	0.8	1.3	1.5	1
Senegal	74[ 64-85]	74[ 63-85]	74[ 64-85]	161[ 139-183]	172[ 147-197]	152[ 131-173]	23.9	25.9	21.9	2.3	3	1.6	2.4	3.1	1.7	2.7	3.3	2	2.9	3.7	2.1	3.1	4	2.3
Serbia	122[ 83-166]	134[ 93-183]	109[ 73-153]	62[ 43-85]	82[ 56-111]	47[ 31-65]	0.7	0.6	0.9	0.3	0.4	0.2	0.3	0.4	0.3	0.4	0.6	0.3	0.5	0.7	0.3	0.7	0.9	0.4
Seychelles	56[ 38-117]	71[ 50-145]	42[ 28-91]	49[ 34-103]	70[ 49-142]	31[ 20-68]	0.2	0.2	0.1	0.6	0.7	0.5	0.6	0.7	0.5	0.7	0.8	0.6	0.8	0.9	0.7	0.8	0.9	0.7
Sierra Leone	148[ 135-160]	144[ 131-158]	151[ 139-163]	324[ 296-351]	314[ 284-343]	333[ 305-359]	81.3	86.8	75.8	4.1	5.2	3.1	4.1	5.3	3.1	4.5	5.9	3.1	5	6.9	3.2	5.4	7.4	3.4
Singapore	39[ 30-51]	45[ 35-57]	34[ 24-45]	26[ 20-33]	33[ 26-42]	19[ 14-26]	0.1	&lt;0.1	0.1	0.1	0.1	0.1	0.1	0.1	0.1	0.1	0.1	0.1	0.1	0.2	0.1	0.1	0.2	0.1
Slovakia	59[ 46-83]	65[ 52-91]	53[ 39-76]	34[ 26-47]	47[ 38-66]	24[ 17-34]	&lt;0.1	&lt;0.1	0.1	0.4	0.5	0.3	0.4	0.5	0.3	0.5	0.7	0.3	0.7	1	0.4	0.7	1.1	0.4
Slovenia	57[ 42-78]	55[ 42-74]	59[ 41-83]	23[ 17-31]	29[ 22-39]	17[ 12-24]	&lt;0.1	&lt;0.1	&lt;0.1	0.3	0.4	0.2	0.3	0.4	0.2	0.3	0.5	0.2	0.5	0.7	0.3	0.7	1	0.3
Solomon Islands	67[ 60-73]	76[ 67-85]	57[ 52-62]	137[ 124-149]	158[ 139-175]	116[ 106-126]	6.2	6.8	5.5	0.9	1.4	0.4	1	1.5	0.5	1.2	1.8	0.5	1.3	2	0.6	1.6	2.3	0.8
Somalia	152[ 136-166]	158[ 140-173]	147[ 131-160]	213[ 190-233]	222[ 197-244]	204[ 182-223]	86.6	83.4	89.7	4.6	5.9	3.2	4.7	6.1	3.4	5	6.4	3.5	5.2	6.7	3.6	5.1	6.7	3.6
South Africa	61[ 51-73]	68[ 57-81]	54[ 45-64]	87[ 73-103]	118[ 98-140]	66[ 55-78]	13.7	13.9	13.4	1.2	1.3	1.1	1.3	1.4	1.2	1.3	1.4	1.2	1.1	1.1	1	1.1	1.1	1
South Sudan	109[ 98-119]	109[ 98-120]	109[ 98-118]	165[ 149-179]	169[ 151-185]	161[ 145-175]	63.3	65.9	60.7	4	5.3	2.7	4	5.4	2.7	4.8	6.4	3.1	5.5	7.5	3.5	6.1	8.2	4.1
Spain	27[ 19-37]	31[ 23-41]	23[ 16-34]	10[ 7-14]	14[ 10-19]	6[ 4-9]	0.2	0.1	0.2	0.2	0.2	0.2	0.2	0.2	0.2	0.2	0.2	0.2	0.2	0.3	0.2	0.3	0.4	0.2
Sri Lanka	89[ 75-102]	104[ 86-120]	76[ 64-87]	80[ 67-91]	100[ 83-115]	63[ 52-72]	1.2	1.2	1.2	0.4	0.6	0.3	0.4	0.5	0.3	0.4	0.5	0.3	0.6	0.7	0.5	0.6	0.8	0.5
Sudan	105[ 92-116]	105[ 92-117]	105[ 93-117]	185[ 163-205]	196[ 173-218]	175[ 154-194]	17.3	16.3	18.3	3.9	5	2.9	4.1	5.2	3	4.5	5.9	3.2	5.3	7.2	3.5	6.3	8.6	3.9
Suriname	51[ 42-60]	59[ 49-70]	42[ 35-51]	57[ 47-68]	74[ 62-88]	42[ 35-51]	2.0	2.1	2.0	0.4	0.4	0.3	0.4	0.5	0.3	0.5	0.6	0.4	0.5	0.7	0.4	0.7	0.8	0.5
Sweden	18[ 12-28]	19[ 12-27]	18[ 11-30]	7[ 4-11]	9[ 6-12]	6[ 3-9]	0.2	0.2	0.3	0.4	0.5	0.3	0.4	0.5	0.3	0.4	0.5	0.3	0.4	0.5	0.3	0.4	0.5	0.3
Switzerland	25[ 18-34]	26[ 19-33]	25[ 17-35]	10[ 7-13]	13[ 9-16]	8[ 5-11]	0.1	0.1	0.2	0.1	0.1	0.1	0.1	0.1	0.1	0.1	0.1	0.1	0.1	0.1	0.1	0.1	0.2	0.1
Syrian Arab Republic	44[ 38-50]	48[ 42-56]	39[ 33-46]	75[ 65-87]	90[ 78-104]	62[ 52-73]	3.7	3.2	4.1	0.4	0.4	0.4	0.4	0.4	0.4	0.4	0.4	0.4	0.4	0.5	0.4	0.4	0.5	0.4
Tajikistan	70[ 55-89]	74[ 59-93]	67[ 52-85]	129[ 101-163]	145[ 115-182]	115[ 89-147]	2.7	3.0	2.4	1.2	1.4	0.9	1.2	1.4	1	1.3	1.5	1	1.4	1.6	1.1	2.2	3	1.5
Thailand	85[ 64-107]	98[ 75-125]	71[ 53-91]	61[ 46-78]	79[ 60-101]	47[ 34-59]	3.5	3.7	3.4	0.4	0.5	0.3	0.4	0.5	0.3	0.4	0.5	0.4	0.4	0.5	0.3	0.5	0.6	0.4
Republic of North Macedonia	125[ 99-151]	140[ 112-170]	109[ 86-134]	82[ 65-99]	103[ 82-124]	64[ 50-78]	0.1	0.1	0.1	0.4	0.5	0.3	0.4	0.5	0.3	0.4	0.6	0.3	0.5	0.6	0.4	0.5	0.5	0.4
Timor-Leste	77[ 69-83]	78[ 69-85]	75[ 68-82]	140[ 126-152]	150[ 133-164]	130[ 116-141]	9.9	10.0	9.8	0.4	0.5	0.4	0.4	0.5	0.4	0.6	0.8	0.5	0.9	1.1	0.7	1.5	1.8	1.1
Togo	115[ 104-125]	120[ 108-131]	110[ 100-119]	250[ 226-271]	267[ 241-292]	234[ 213-252]	41.6	42.1	41.1	2.4	3	1.8	2.5	3.1	1.9	2.4	3	1.8	2.5	3.2	1.7	2.8	3.7	1.9
Tonga	57[ 40-71]	68[ 48-85]	45[ 32-57]	73[ 52-92]	107[ 76-135]	48[ 34-60]	1.4	0.8	2.0	1.3	1.5	1.2	1.4	1.5	1.2	1.5	1.7	1.2	1.3	1.6	1.1	1.4	1.7	1.2
Trinidad and Tobago	45[ 38-52]	50[ 43-57]	40[ 33-48]	39[ 33-45]	49[ 42-56]	30[ 25-36]	0.1	0.2	0.1	0.2	0.3	0.2	0.2	0.3	0.2	0.2	0.2	0.3	0.2	0.2	0.2	0.3	0.4	0.2
Tunisia	57[ 50-66]	68[ 59-78]	47[ 40-55]	56[ 48-65]	72[ 62-83]	42[ 36-50]	1.0	0.8	1.2	0.5	0.5	0.4	0.5	0.5	0.4	0.6	0.7	0.5	0.8	0.9	0.6	1	1.2	0.8
Turkey	46[ 40-53]	59[ 51-67]	34[ 28-39]	47[ 40-53]	69[ 59-79]	29[ 25-34]	0.3	0.3	0.3	0.3	0.4	0.2	0.3	0.4	0.2	0.5	0.6	0.4	0.6	0.7	0.4	0.7	1.1	0.3
Turkmenistan	51[ 43-60]	59[ 50-68]	44[ 37-52]	79[ 67-92]	100[ 86-116]	63[ 53-74]	4.0	4.5	3.5	0.7	0.9	0.6	0.8	1	0.6	0.9	1.1	0.7	1.2	1.6	0.8	1.1	1.4	0.7
Uganda	74[ 66-80]	72[ 64-78]	76[ 68-82]	156[ 140-169]	156[ 139-170]	155[ 140-167]	31.6	32.7	30.4	3.2	4	2.4	3.3	4.2	2.4	3.5	4.5	2.6	3.9	5.1	2.7	4.3	5.7	3
Ukraine	137[ 105-173]	142[ 115-178]	132[ 96-172]	71[ 55-90]	100[ 81-125]	51[ 37-67]	0.3	0.3	0.2	2.5	4.3	1.1	2.7	4.4	1.1	2.9	4.9	1.2	5.1	8.7	2	7.6	13	2.9
United Arab Emirates	16[ 14-19]	18[ 16-22]	10[ 9-12]	55[ 48-66]	59[ 51-70]	45[ 39-55]	&lt;0.1	&lt;0.1	&lt;0.1	0.3	0.2	0.3	0.3	0.2	0.4	0.3	0.3	0.4	0.3	0.3	0.5	0.5	0.4	0.7
United Kingdom of Great Britain and Northern Ireland	32[ 24-43]	34[ 26-44]	30[ 21-42]	14[ 10-18]	17[ 13-22]	11[ 8-15]	0.2	0.1	0.2	0.2	0.3	0.2	0.3	0.3	0.2	0.3	0.3	0.2	0.3	0.3	0.3	0.5	0.6	0.4
United Republic of Tanzania	75[ 68-82]	74[ 67-81]	76[ 69-82]	139[ 126-151]	143[ 129-157]	135[ 122-147]	38.4	36.2	40.6	2.7	3.2	2.2	2.8	3.4	2.2	2.8	3.3	2.2	2.7	3.3	2.1	3.1	3.8	2.4
United States of America	24[ 17-32]	26[ 19-34]	22[ 15-31]	13[ 10-18]	17[ 12-21]	10[ 7-15]	0.2	0.2	0.3	0.9	1	0.8	0.9	1	0.8	0.9	1	0.8	0.8	0.9	0.7	0.7	0.8	0.6
Uruguay	32[ 23-45]	35[ 26-48]	30[ 21-44]	18[ 13-24]	25[ 19-34]	12[ 9-18]	0.4	0.3	0.4	0.4	0.6	0.3	0.4	0.6	0.3	0.4	0.5	0.3	0.4	0.6	0.3	0.6	0.8	0.3
Uzbekistan	54[ 43-69]	60[ 48-76]	48[ 37-62]	81[ 64-103]	100[ 81-127]	66[ 51-84]	0.4	0.5	0.4	1	1.5	0.5	1.1	1.6	0.6	1.2	1.8	0.6	1.2	1.8	0.6	1.2	1.9	0.6
Vanuatu	76[ 68-83]	88[ 77-98]	63[ 58-69]	136[ 122-149]	162[ 141-180]	111[ 100-121]	10.4	12.2	8.6	0.9	1.3	0.4	0.9	1.3	0.4	1	1.5	0.4	1.1	1.7	0.5	1.3	2	0.6
Venezuela (Bolivarian Republic of)	29[ 24-36]	34[ 28-41]	24[ 19-31]	35[ 28-43]	45[ 37-55]	26[ 21-33]	1.4	1.4	1.4	0.3	0.4	0.2	0.3	0.4	0.2	0.3	0.4	0.2	0.4	0.6	0.3	0.5	0.7	0.3
Viet Nam	65[ 55-76]	76[ 65-88]	54[ 45-64]	64[ 55-75]	95[ 81-110]	43[ 35-50]	1.6	2.1	1.1	0.9	1.7	0.1	0.9	1.7	0.1	1	1.9	0.1	1	1.9	0.1	1.1	2	0.2
Yemen	90[ 78-102]	90[ 77-102]	90[ 77-103]	194[ 168-222]	211[ 182-240]	179[ 154-205]	10.2	8.7	11.8	3.8	4.8	2.7	3.7	4.7	2.7	4.2	5.4	3	5.1	6.7	3.5	6.2	8.4	3.9
Zambia	63[ 57-70]	63[ 56-70]	64[ 57-70]	127[ 114-140]	134[ 119-149]	121[ 109-132]	34.9	36.6	33.2	2.9	3.8	2.1	3.1	3.9	2.2	3.5	4.5	2.6	3.8	4.8	2.8	4.4	5.7	3.1
Zimbabwe	67[ 59-74]	61[ 53-69]	72[ 64-79]	133[ 117-148]	133[ 115-149]	133[ 119-147]	24.6	27.1	22.2	2.2	2.2	2.3	2.4	2.3	2.4	2.6	2.6	2.5	2.7	2.8	2.6	3.4	3.7	3.1
